Age,Department,Job_Role
41,Sales,Sales Executive
49,Research & Development,Research Scientist
37,Research & Development,Laboratory Technician
33,Research & Development,Research Scientist
27,Research & Development,Laboratory Technician
32,Research & Development,Laboratory Technician
59,Research & Development,Laboratory Technician
30,Research & Development,Laboratory Technician
38,Research & Development,Manufacturing Director
36,Research & Development,Healthcare Representative
35,Research & Development,Laboratory Technician
29,Research & Development,Laboratory Technician
31,Research & Development,Research Scientist
34,Research & Development,Laboratory Technician
28,Research & Development,Laboratory Technician
29,Research & Development,Manufacturing Director
32,Research & Development,Research Scientist
22,Research & Development,Laboratory Technician
53,Sales,Manager
38,Research & Development,Research Scientist
24,Research & Development,Manufacturing Director
36,Sales,Sales Representative
34,Research & Development,Research Director
21,Research & Development,Research Scientist
34,Research & Development,Research Scientist
53,Research & Development,Manager
32,Research & Development,Research Scientist
42,Sales,Sales Executive
44,Research & Development,Healthcare Representative
46,Sales,Manager
33,Research & Development,Laboratory Technician
44,Research & Development,Healthcare Representative
30,Research & Development,Laboratory Technician
39,Sales,Sales Representative
24,Research & Development,Research Scientist
43,Research & Development,Research Scientist
50,Sales,Sales Representative
35,Sales,Sales Representative
36,Research & Development,Research Scientist
33,Sales,Sales Executive
35,Research & Development,Laboratory Technician
27,Research & Development,Laboratory Technician
26,Research & Development,Laboratory Technician
27,Sales,Sales Executive
30,Research & Development,Laboratory Technician
41,Research & Development,Research Director
34,Sales,Sales Executive
37,Research & Development,Research Scientist
46,Sales,Sales Executive
35,Research & Development,Laboratory Technician
48,Research & Development,Laboratory Technician
28,Research & Development,Laboratory Technician
44,Sales,Sales Executive
35,Research & Development,Healthcare Representative
26,Sales,Sales Executive
33,Research & Development,Research Director
35,Sales,Sales Executive
35,Research & Development,Laboratory Technician
31,Research & Development,Laboratory Technician
37,Research & Development,Manufacturing Director
32,Research & Development,Manufacturing Director
38,Research & Development,Laboratory Technician
50,Research & Development,Research Director
59,Sales,Sales Executive
36,Research & Development,Healthcare Representative
55,Research & Development,Manager
36,Research & Development,Manufacturing Director
45,Research & Development,Research Scientist
35,Research & Development,Research Scientist
36,Research & Development,Research Scientist
59,Sales,Sales Executive
29,Research & Development,Research Scientist
31,Research & Development,Research Scientist
32,Research & Development,Research Scientist
36,Research & Development,Laboratory Technician
31,Research & Development,Manufacturing Director
35,Sales,Sales Executive
45,Research & Development,Research Director
37,Research & Development,Research Director
46,Human Resources,Human Resources
30,Research & Development,Laboratory Technician
35,Research & Development,Research Scientist
55,Sales,Sales Executive
38,Research & Development,Research Scientist
34,Research & Development,Manufacturing Director
56,Research & Development,Manufacturing Director
23,Sales,Sales Representative
51,Research & Development,Laboratory Technician
30,Research & Development,Healthcare Representative
46,Sales,Sales Executive
40,Research & Development,Healthcare Representative
51,Sales,Sales Executive
30,Sales,Sales Executive
46,Research & Development,Healthcare Representative
32,Sales,Sales Executive
54,Research & Development,Research Director
24,Sales,Sales Executive
28,Sales,Sales Executive
58,Sales,Sales Executive
44,Research & Development,Laboratory Technician
37,Human Resources,Human Resources
32,Research & Development,Research Scientist
20,Research & Development,Laboratory Technician
34,Research & Development,Research Scientist
37,Research & Development,Healthcare Representative
59,Human Resources,Manager
50,Research & Development,Research Director
25,Sales,Sales Executive
25,Research & Development,Research Scientist
22,Research & Development,Laboratory Technician
51,Research & Development,Healthcare Representative
34,Research & Development,Laboratory Technician
54,Human Resources,Manager
24,Research & Development,Laboratory Technician
34,Research & Development,Research Scientist
37,Sales,Sales Executive
34,Research & Development,Manager
36,Sales,Sales Executive
36,Research & Development,Laboratory Technician
43,Sales,Manager
30,Research & Development,Research Scientist
33,Sales,Sales Executive
56,Research & Development,Research Scientist
51,Research & Development,Research Director
31,Sales,Sales Executive
26,Research & Development,Research Scientist
58,Research & Development,Healthcare Representative
19,Sales,Sales Representative
22,Research & Development,Laboratory Technician
49,Research & Development,Manufacturing Director
43,Research & Development,Research Scientist
50,Sales,Sales Executive
31,Sales,Sales Executive
41,Sales,Sales Executive
26,Human Resources,Human Resources
36,Research & Development,Manufacturing Director
51,Research & Development,Manufacturing Director
39,Sales,Sales Executive
25,Sales,Sales Executive
30,Human Resources,Human Resources
32,Research & Development,Laboratory Technician
45,Research & Development,Research Scientist
38,Research & Development,Research Scientist
30,Research & Development,Research Scientist
32,Sales,Sales Executive
30,Research & Development,Research Scientist
30,Research & Development,Laboratory Technician
41,Research & Development,Manager
41,Research & Development,Laboratory Technician
19,Research & Development,Laboratory Technician
40,Research & Development,Research Scientist
35,Sales,Sales Executive
53,Sales,Sales Representative
45,Research & Development,Laboratory Technician
32,Sales,Sales Executive
29,Research & Development,Manufacturing Director
51,Research & Development,Manufacturing Director
58,Research & Development,Research Scientist
40,Sales,Sales Executive
34,Sales,Sales Representative
22,Research & Development,Research Scientist
27,Research & Development,Research Scientist
28,Research & Development,Research Scientist
57,Research & Development,Healthcare Representative
27,Research & Development,Research Scientist
50,Research & Development,Manager
41,Research & Development,Research Scientist
30,Sales,Sales Executive
38,Sales,Sales Executive
32,Research & Development,Research Scientist
27,Research & Development,Research Scientist
19,Sales,Sales Representative
36,Research & Development,Laboratory Technician
30,Research & Development,Laboratory Technician
45,Sales,Sales Executive
56,Research & Development,Research Scientist
33,Research & Development,Research Scientist
19,Research & Development,Laboratory Technician
46,Sales,Sales Executive
38,Research & Development,Laboratory Technician
31,Research & Development,Research Scientist
34,Research & Development,Research Scientist
41,Sales,Sales Representative
50,Research & Development,Laboratory Technician
53,Research & Development,Manufacturing Director
33,Research & Development,Research Scientist
40,Research & Development,Manager
55,Research & Development,Research Director
34,Research & Development,Manufacturing Director
51,Research & Development,Healthcare Representative
52,Research & Development,Manager
27,Research & Development,Research Scientist
35,Research & Development,Manufacturing Director
43,Research & Development,Research Scientist
45,Research & Development,Manager
37,Research & Development,Research Scientist
35,Research & Development,Laboratory Technician
42,Research & Development,Manufacturing Director
38,Research & Development,Manufacturing Director
38,Research & Development,Manufacturing Director
27,Research & Development,Manufacturing Director
49,Research & Development,Manufacturing Director
34,Research & Development,Research Scientist
40,Research & Development,Laboratory Technician
38,Research & Development,Healthcare Representative
29,Sales,Sales Executive
22,Research & Development,Research Scientist
36,Research & Development,Laboratory Technician
40,Research & Development,Healthcare Representative
46,Research & Development,Healthcare Representative
32,Sales,Sales Executive
30,Research & Development,Manufacturing Director
27,Sales,Sales Executive
51,Research & Development,Research Director
30,Research & Development,Research Scientist
41,Sales,Manager
30,Sales,Sales Executive
29,Research & Development,Research Scientist
45,Sales,Sales Executive
54,Sales,Sales Executive
36,Research & Development,Laboratory Technician
33,Research & Development,Research Scientist
37,Research & Development,Research Director
38,Sales,Sales Executive
31,Research & Development,Manufacturing Director
59,Research & Development,Research Scientist
37,Sales,Sales Representative
29,Sales,Sales Executive
35,Sales,Sales Executive
29,Research & Development,Research Scientist
52,Research & Development,Laboratory Technician
42,Research & Development,Manager
59,Human Resources,Human Resources
50,Sales,Manager
33,Research & Development,Laboratory Technician
43,Sales,Manager
33,Research & Development,Laboratory Technician
52,Sales,Manager
32,Sales,Sales Representative
32,Research & Development,Laboratory Technician
39,Research & Development,Laboratory Technician
32,Sales,Sales Executive
41,Research & Development,Research Scientist
40,Research & Development,Research Scientist
45,Research & Development,Manager
31,Research & Development,Research Director
33,Research & Development,Research Scientist
34,Research & Development,Manufacturing Director
37,Research & Development,Research Scientist
45,Research & Development,Manufacturing Director
37,Research & Development,Manufacturing Director
39,Research & Development,Healthcare Representative
29,Research & Development,Research Scientist
42,Research & Development,Research Scientist
29,Sales,Sales Executive
25,Research & Development,Manufacturing Director
42,Research & Development,Laboratory Technician
40,Research & Development,Research Director
51,Research & Development,Research Scientist
31,Research & Development,Laboratory Technician
32,Research & Development,Laboratory Technician
38,Sales,Sales Executive
32,Research & Development,Laboratory Technician
46,Sales,Manager
28,Research & Development,Laboratory Technician
29,Sales,Sales Executive
31,Research & Development,Healthcare Representative
25,Research & Development,Healthcare Representative
45,Research & Development,Healthcare Representative
36,Research & Development,Laboratory Technician
55,Research & Development,Manager
47,Research & Development,Manager
28,Research & Development,Research Scientist
37,Sales,Sales Executive
21,Research & Development,Research Scientist
37,Research & Development,Research Director
35,Research & Development,Manager
38,Sales,Sales Executive
26,Research & Development,Manufacturing Director
50,Research & Development,Research Director
53,Research & Development,Research Director
42,Sales,Sales Executive
29,Sales,Sales Executive
55,Research & Development,Laboratory Technician
26,Research & Development,Healthcare Representative
37,Research & Development,Research Scientist
44,Research & Development,Laboratory Technician
38,Research & Development,Healthcare Representative
26,Research & Development,Laboratory Technician
28,Research & Development,Research Scientist
49,Research & Development,Research Director
36,Research & Development,Research Scientist
31,Sales,Sales Representative
26,Sales,Sales Executive
37,Research & Development,Research Scientist
42,Sales,Sales Executive
18,Research & Development,Laboratory Technician
35,Sales,Sales Executive
36,Research & Development,Laboratory Technician
51,Research & Development,Manufacturing Director
41,Sales,Manager
18,Sales,Sales Representative
28,Research & Development,Healthcare Representative
31,Sales,Sales Executive
39,Research & Development,Healthcare Representative
36,Research & Development,Laboratory Technician
32,Sales,Sales Executive
38,Research & Development,Research Director
58,Research & Development,Healthcare Representative
31,Research & Development,Research Scientist
31,Human Resources,Human Resources
45,Research & Development,Laboratory Technician
31,Research & Development,Research Scientist
33,Research & Development,Manager
39,Research & Development,Manager
43,Research & Development,Laboratory Technician
49,Research & Development,Healthcare Representative
52,Research & Development,Research Scientist
27,Research & Development,Research Scientist
32,Sales,Sales Executive
27,Sales,Sales Executive
31,Sales,Sales Executive
32,Research & Development,Research Scientist
28,Research & Development,Research Scientist
30,Research & Development,Research Scientist
31,Research & Development,Manufacturing Director
39,Research & Development,Manager
39,Sales,Sales Executive
33,Sales,Sales Executive
47,Research & Development,Research Director
43,Research & Development,Laboratory Technician
27,Sales,Sales Executive
54,Research & Development,Research Scientist
43,Research & Development,Healthcare Representative
45,Research & Development,Research Scientist
40,Sales,Sales Executive
29,Research & Development,Laboratory Technician
29,Research & Development,Laboratory Technician
30,Sales,Sales Executive
27,Sales,Sales Executive
37,Research & Development,Manufacturing Director
38,Research & Development,Research Director
31,Research & Development,Manufacturing Director
29,Sales,Sales Executive
35,Research & Development,Manufacturing Director
23,Research & Development,Research Scientist
41,Research & Development,Manufacturing Director
47,Sales,Sales Representative
42,Research & Development,Research Director
29,Sales,Sales Executive
42,Human Resources,Human Resources
32,Research & Development,Laboratory Technician
48,Sales,Manager
37,Research & Development,Research Scientist
30,Sales,Sales Executive
26,Sales,Sales Executive
42,Research & Development,Healthcare Representative
21,Sales,Sales Representative
36,Sales,Sales Executive
36,Sales,Sales Executive
57,Research & Development,Healthcare Representative
40,Research & Development,Laboratory Technician
21,Sales,Sales Representative
33,Sales,Sales Representative
37,Research & Development,Laboratory Technician
46,Research & Development,Manufacturing Director
41,Sales,Sales Executive
50,Research & Development,Healthcare Representative
40,Sales,Sales Executive
31,Research & Development,Research Scientist
21,Sales,Sales Representative
29,Research & Development,Research Scientist
35,Research & Development,Healthcare Representative
27,Research & Development,Laboratory Technician
28,Sales,Sales Executive
49,Research & Development,Healthcare Representative
51,Sales,Sales Executive
36,Research & Development,Research Scientist
34,Sales,Sales Executive
55,Research & Development,Manager
24,Sales,Sales Executive
30,Sales,Sales Representative
26,Research & Development,Research Scientist
22,Research & Development,Research Scientist
36,Sales,Sales Executive
30,Research & Development,Research Scientist
37,Research & Development,Laboratory Technician
40,Sales,Sales Executive
42,Research & Development,Laboratory Technician
37,Research & Development,Manufacturing Director
43,Research & Development,Research Director
40,Research & Development,Laboratory Technician
54,Research & Development,Research Director
34,Sales,Sales Executive
31,Research & Development,Manufacturing Director
43,Research & Development,Laboratory Technician
43,Research & Development,Healthcare Representative
25,Sales,Sales Executive
37,Research & Development,Research Scientist
31,Research & Development,Laboratory Technician
39,Research & Development,Manager
56,Sales,Sales Executive
30,Sales,Sales Executive
41,Sales,Sales Executive
28,Research & Development,Laboratory Technician
25,Research & Development,Laboratory Technician
52,Research & Development,Manufacturing Director
45,Research & Development,Research Scientist
52,Research & Development,Manager
42,Research & Development,Research Scientist
30,Research & Development,Manufacturing Director
60,Research & Development,Manager
46,Research & Development,Manufacturing Director
42,Research & Development,Healthcare Representative
24,Sales,Sales Representative
34,Sales,Sales Representative
38,Research & Development,Laboratory Technician
40,Sales,Manager
26,Research & Development,Research Scientist
30,Research & Development,Laboratory Technician
29,Research & Development,Research Director
29,Research & Development,Research Scientist
19,Human Resources,Human Resources
30,Sales,Sales Executive
57,Sales,Manager
50,Research & Development,Manager
30,Research & Development,Laboratory Technician
60,Sales,Sales Executive
47,Research & Development,Manufacturing Director
46,Research & Development,Research Director
35,Research & Development,Laboratory Technician
54,Research & Development,Laboratory Technician
34,Research & Development,Research Scientist
46,Sales,Sales Executive
31,Research & Development,Manufacturing Director
33,Research & Development,Manager
33,Research & Development,Laboratory Technician
30,Sales,Sales Representative
35,Research & Development,Healthcare Representative
31,Research & Development,Healthcare Representative
34,Human Resources,Human Resources
42,Research & Development,Laboratory Technician
36,Sales,Sales Executive
22,Research & Development,Laboratory Technician
48,Sales,Sales Executive
55,Sales,Manager
41,Sales,Sales Executive
35,Sales,Sales Executive
40,Research & Development,Manufacturing Director
39,Research & Development,Laboratory Technician
31,Sales,Sales Executive
42,Research & Development,Manufacturing Director
45,Sales,Sales Executive
26,Human Resources,Human Resources
29,Research & Development,Manufacturing Director
33,Research & Development,Research Director
31,Sales,Manager
18,Sales,Sales Representative
40,Sales,Sales Executive
41,Research & Development,Healthcare Representative
26,Sales,Sales Executive
35,Sales,Sales Executive
34,Sales,Sales Executive
26,Research & Development,Laboratory Technician
37,Research & Development,Manufacturing Director
46,Research & Development,Healthcare Representative
41,Sales,Manager
37,Sales,Sales Executive
52,Research & Development,Research Scientist
32,Sales,Sales Executive
24,Sales,Sales Representative
38,Research & Development,Healthcare Representative
37,Research & Development,Manufacturing Director
49,Research & Development,Research Director
24,Research & Development,Research Scientist
26,Sales,Sales Executive
24,Research & Development,Laboratory Technician
50,Human Resources,Manager
25,Sales,Sales Representative
24,Research & Development,Laboratory Technician
30,Sales,Sales Representative
34,Research & Development,Research Scientist
31,Sales,Sales Executive
35,Research & Development,Laboratory Technician
31,Sales,Sales Executive
27,Research & Development,Research Scientist
37,Sales,Sales Executive
20,Research & Development,Research Scientist
42,Research & Development,Healthcare Representative
43,Research & Development,Research Director
38,Research & Development,Research Scientist
43,Research & Development,Laboratory Technician
48,Research & Development,Manager
44,Human Resources,Human Resources
34,Sales,Sales Representative
27,Sales,Sales Representative
21,Sales,Sales Representative
44,Research & Development,Manager
22,Research & Development,Research Scientist
33,Sales,Sales Executive
32,Research & Development,Research Scientist
30,Research & Development,Research Scientist
53,Sales,Sales Executive
34,Research & Development,Research Scientist
45,Sales,Sales Executive
26,Research & Development,Laboratory Technician
37,Research & Development,Manufacturing Director
29,Sales,Sales Executive
35,Research & Development,Research Scientist
33,Research & Development,Healthcare Representative
54,Human Resources,Human Resources
36,Research & Development,Manufacturing Director
27,Research & Development,Research Scientist
20,Research & Development,Research Scientist
33,Research & Development,Research Scientist
35,Research & Development,Laboratory Technician
23,Research & Development,Research Scientist
25,Sales,Sales Executive
38,Sales,Sales Executive
29,Research & Development,Research Scientist
48,Sales,Sales Executive
27,Sales,Sales Executive
37,Research & Development,Research Scientist
50,Research & Development,Laboratory Technician
34,Research & Development,Healthcare Representative
24,Sales,Sales Executive
39,Research & Development,Healthcare Representative
32,Sales,Sales Executive
50,Sales,Sales Executive
38,Research & Development,Healthcare Representative
27,Research & Development,Manufacturing Director
32,Research & Development,Research Director
47,Sales,Sales Executive
40,Sales,Sales Executive
53,Research & Development,Research Director
41,Human Resources,Manager
60,Sales,Sales Executive
27,Research & Development,Manufacturing Director
41,Human Resources,Manager
50,Sales,Sales Representative
28,Research & Development,Research Scientist
36,Research & Development,Research Director
38,Research & Development,Manufacturing Director
44,Research & Development,Laboratory Technician
47,Sales,Sales Executive
30,Sales,Sales Executive
29,Sales,Sales Representative
42,Research & Development,Research Scientist
43,Sales,Sales Executive
34,Research & Development,Healthcare Representative
23,Research & Development,Laboratory Technician
39,Human Resources,Human Resources
56,Research & Development,Healthcare Representative
40,Research & Development,Research Scientist
27,Research & Development,Healthcare Representative
29,Sales,Sales Representative
53,Research & Development,Laboratory Technician
35,Research & Development,Healthcare Representative
32,Research & Development,Laboratory Technician
38,Research & Development,Research Scientist
34,Research & Development,Manufacturing Director
52,Sales,Manager
33,Research & Development,Research Scientist
25,Sales,Sales Executive
45,Sales,Sales Representative
23,Research & Development,Research Scientist
47,Sales,Sales Executive
34,Sales,Sales Executive
55,Research & Development,Manager
36,Sales,Sales Executive
52,Research & Development,Research Scientist
26,Research & Development,Laboratory Technician
29,Research & Development,Healthcare Representative
26,Sales,Sales Executive
34,Research & Development,Research Scientist
54,Research & Development,Manufacturing Director
27,Sales,Sales Executive
37,Research & Development,Research Scientist
38,Research & Development,Manufacturing Director
34,Research & Development,Research Scientist
35,Sales,Sales Representative
30,Research & Development,Laboratory Technician
40,Research & Development,Healthcare Representative
34,Sales,Sales Executive
42,Research & Development,Manager
23,Research & Development,Laboratory Technician
24,Research & Development,Laboratory Technician
52,Research & Development,Laboratory Technician
50,Research & Development,Research Director
29,Research & Development,Laboratory Technician
33,Research & Development,Research Director
33,Sales,Sales Executive
47,Research & Development,Manager
36,Research & Development,Manufacturing Director
29,Research & Development,Research Scientist
58,Research & Development,Research Director
35,Research & Development,Research Scientist
42,Research & Development,Manufacturing Director
28,Research & Development,Research Scientist
36,Human Resources,Human Resources
32,Research & Development,Manufacturing Director
40,Research & Development,Laboratory Technician
30,Research & Development,Manufacturing Director
45,Research & Development,Research Scientist
42,Research & Development,Manufacturing Director
38,Research & Development,Healthcare Representative
34,Research & Development,Research Scientist
49,Sales,Sales Executive
55,Sales,Sales Executive
43,Research & Development,Research Director
27,Research & Development,Research Director
35,Research & Development,Manufacturing Director
28,Sales,Sales Executive
34,Human Resources,Human Resources
26,Research & Development,Research Scientist
27,Research & Development,Research Scientist
51,Sales,Manager
44,Research & Development,Healthcare Representative
25,Research & Development,Research Scientist
33,Sales,Sales Executive
35,Research & Development,Research Scientist
36,Sales,Sales Executive
32,Sales,Sales Executive
30,Research & Development,Research Scientist
53,Sales,Sales Executive
45,Sales,Sales Executive
32,Research & Development,Research Scientist
52,Research & Development,Manufacturing Director
37,Sales,Sales Executive
28,Human Resources,Human Resources
22,Research & Development,Manufacturing Director
44,Research & Development,Laboratory Technician
42,Research & Development,Research Scientist
36,Human Resources,Human Resources
25,Sales,Sales Executive
35,Research & Development,Manufacturing Director
35,Research & Development,Research Scientist
32,Research & Development,Laboratory Technician
25,Sales,Sales Executive
49,Research & Development,Research Scientist
24,Research & Development,Laboratory Technician
32,Sales,Sales Executive
38,Sales,Sales Representative
42,Research & Development,Laboratory Technician
31,Research & Development,Research Scientist
29,Sales,Sales Representative
53,Sales,Sales Executive
35,Research & Development,Manufacturing Director
37,Sales,Sales Representative
53,Research & Development,Research Director
43,Research & Development,Healthcare Representative
47,Sales,Sales Executive
37,Sales,Sales Executive
50,Research & Development,Manager
39,Human Resources,Human Resources
33,Human Resources,Human Resources
32,Research & Development,Laboratory Technician
29,Research & Development,Laboratory Technician
44,Research & Development,Research Scientist
28,Sales,Sales Executive
58,Research & Development,Laboratory Technician
43,Research & Development,Manufacturing Director
20,Sales,Sales Representative
21,Research & Development,Research Scientist
36,Research & Development,Healthcare Representative
47,Sales,Sales Representative
22,Research & Development,Manufacturing Director
41,Research & Development,Laboratory Technician
28,Research & Development,Research Scientist
39,Research & Development,Laboratory Technician
27,Research & Development,Research Scientist
34,Research & Development,Laboratory Technician
42,Sales,Sales Executive
33,Research & Development,Research Scientist
58,Research & Development,Healthcare Representative
31,Sales,Sales Representative
35,Research & Development,Healthcare Representative
49,Research & Development,Laboratory Technician
48,Research & Development,Research Scientist
31,Sales,Sales Executive
36,Research & Development,Research Scientist
38,Research & Development,Research Director
32,Research & Development,Laboratory Technician
25,Sales,Sales Representative
40,Sales,Sales Executive
26,Sales,Sales Executive
41,Research & Development,Laboratory Technician
36,Research & Development,Laboratory Technician
19,Sales,Sales Representative
20,Research & Development,Laboratory Technician
31,Research & Development,Healthcare Representative
40,Research & Development,Research Scientist
32,Research & Development,Manufacturing Director
36,Sales,Sales Executive
33,Research & Development,Healthcare Representative
37,Sales,Sales Executive
45,Research & Development,Laboratory Technician
29,Sales,Sales Representative
35,Sales,Sales Executive
52,Research & Development,Manager
58,Research & Development,Research Scientist
53,Sales,Manager
30,Sales,Sales Executive
38,Sales,Sales Executive
35,Sales,Sales Executive
39,Sales,Sales Executive
40,Sales,Sales Executive
47,Research & Development,Manufacturing Director
36,Sales,Sales Executive
31,Research & Development,Research Scientist
33,Sales,Manager
29,Research & Development,Research Scientist
33,Research & Development,Research Scientist
45,Research & Development,Laboratory Technician
50,Research & Development,Research Director
33,Research & Development,Healthcare Representative
41,Research & Development,Research Director
27,Research & Development,Laboratory Technician
45,Research & Development,Laboratory Technician
47,Sales,Sales Executive
30,Research & Development,Research Scientist
50,Research & Development,Manufacturing Director
38,Research & Development,Research Scientist
46,Research & Development,Manufacturing Director
24,Research & Development,Manufacturing Director
35,Research & Development,Laboratory Technician
31,Research & Development,Manufacturing Director
18,Research & Development,Research Scientist
54,Research & Development,Manufacturing Director
35,Research & Development,Healthcare Representative
30,Research & Development,Research Director
20,Research & Development,Research Scientist
30,Research & Development,Laboratory Technician
26,Research & Development,Manufacturing Director
22,Research & Development,Laboratory Technician
48,Research & Development,Healthcare Representative
48,Research & Development,Healthcare Representative
41,Research & Development,Manufacturing Director
39,Research & Development,Manufacturing Director
27,Research & Development,Manufacturing Director
35,Research & Development,Laboratory Technician
42,Sales,Manager
50,Research & Development,Laboratory Technician
59,Research & Development,Manufacturing Director
37,Research & Development,Healthcare Representative
55,Research & Development,Healthcare Representative
41,Research & Development,Research Director
38,Sales,Sales Executive
26,Sales,Sales Executive
52,Sales,Manager
44,Sales,Sales Executive
50,Sales,Sales Executive
36,Research & Development,Laboratory Technician
39,Research & Development,Manufacturing Director
33,Sales,Sales Representative
45,Sales,Manager
32,Research & Development,Laboratory Technician
34,Sales,Sales Executive
59,Sales,Manager
45,Human Resources,Human Resources
53,Sales,Sales Executive
36,Research & Development,Laboratory Technician
26,Research & Development,Research Scientist
34,Sales,Sales Representative
28,Sales,Sales Representative
38,Research & Development,Research Scientist
50,Research & Development,Research Director
37,Research & Development,Healthcare Representative
40,Sales,Sales Executive
26,Research & Development,Research Scientist
46,Research & Development,Research Director
54,Sales,Sales Executive
56,Research & Development,Research Scientist
36,Research & Development,Manufacturing Director
55,Research & Development,Manager
43,Sales,Sales Executive
20,Sales,Sales Representative
21,Research & Development,Laboratory Technician
46,Research & Development,Research Scientist
51,Research & Development,Research Scientist
28,Research & Development,Healthcare Representative
26,Research & Development,Laboratory Technician
30,Research & Development,Manufacturing Director
41,Research & Development,Research Scientist
38,Research & Development,Healthcare Representative
40,Research & Development,Healthcare Representative
27,Research & Development,Laboratory Technician
55,Research & Development,Manufacturing Director
28,Research & Development,Research Scientist
44,Human Resources,Human Resources
33,Research & Development,Healthcare Representative
35,Sales,Sales Executive
33,Research & Development,Research Scientist
28,Research & Development,Laboratory Technician
34,Research & Development,Healthcare Representative
37,Sales,Sales Executive
25,Research & Development,Laboratory Technician
26,Research & Development,Laboratory Technician
33,Research & Development,Research Scientist
42,Research & Development,Manager
28,Research & Development,Laboratory Technician
50,Sales,Sales Executive
33,Sales,Sales Executive
34,Research & Development,Research Scientist
48,Research & Development,Manager
45,Sales,Sales Executive
52,Research & Development,Healthcare Representative
38,Sales,Sales Executive
29,Research & Development,Research Scientist
28,Research & Development,Manufacturing Director
46,Sales,Manager
38,Sales,Sales Executive
43,Research & Development,Manufacturing Director
39,Research & Development,Healthcare Representative
40,Research & Development,Research Director
21,Research & Development,Research Scientist
39,Research & Development,Laboratory Technician
36,Research & Development,Manufacturing Director
31,Sales,Sales Representative
28,Research & Development,Research Scientist
35,Sales,Sales Executive
49,Sales,Sales Executive
34,Research & Development,Manufacturing Director
29,Research & Development,Research Scientist
42,Research & Development,Laboratory Technician
29,Research & Development,Manufacturing Director
38,Human Resources,Human Resources
28,Research & Development,Research Scientist
18,Research & Development,Laboratory Technician
33,Sales,Sales Executive
41,Research & Development,Laboratory Technician
31,Research & Development,Laboratory Technician
37,Research & Development,Healthcare Representative
27,Research & Development,Research Scientist
34,Sales,Sales Executive
35,Human Resources,Human Resources
29,Sales,Sales Executive
40,Research & Development,Research Director
42,Sales,Sales Executive
42,Sales,Sales Executive
35,Research & Development,Laboratory Technician
24,Research & Development,Laboratory Technician
28,Research & Development,Laboratory Technician
26,Research & Development,Laboratory Technician
30,Sales,Sales Executive
40,Research & Development,Research Scientist
35,Research & Development,Manufacturing Director
34,Research & Development,Healthcare Representative
35,Research & Development,Laboratory Technician
43,Sales,Sales Executive
32,Sales,Sales Representative
56,Research & Development,Manager
29,Research & Development,Laboratory Technician
19,Research & Development,Research Scientist
45,Research & Development,Research Scientist
37,Research & Development,Manufacturing Director
20,Research & Development,Laboratory Technician
44,Research & Development,Research Scientist
53,Research & Development,Manager
29,Research & Development,Research Scientist
22,Research & Development,Research Scientist
46,Sales,Manager
44,Research & Development,Research Scientist
33,Human Resources,Human Resources
41,Research & Development,Research Scientist
30,Sales,Sales Executive
40,Sales,Sales Executive
50,Research & Development,Manager
28,Research & Development,Laboratory Technician
46,Research & Development,Research Director
35,Sales,Sales Executive
24,Research & Development,Laboratory Technician
33,Sales,Sales Executive
36,Research & Development,Laboratory Technician
30,Research & Development,Laboratory Technician
44,Research & Development,Research Scientist
20,Sales,Sales Representative
46,Research & Development,Manufacturing Director
42,Human Resources,Human Resources
60,Sales,Sales Executive
32,Research & Development,Laboratory Technician
32,Research & Development,Research Scientist
36,Research & Development,Manufacturing Director
33,Research & Development,Research Scientist
40,Sales,Sales Executive
25,Sales,Sales Executive
30,Research & Development,Research Scientist
42,Research & Development,Research Director
35,Sales,Sales Executive
27,Research & Development,Research Scientist
54,Research & Development,Manufacturing Director
44,Research & Development,Research Scientist
19,Research & Development,Research Scientist
29,Research & Development,Research Scientist
54,Research & Development,Research Director
31,Research & Development,Healthcare Representative
31,Research & Development,Healthcare Representative
59,Sales,Sales Executive
43,Research & Development,Research Director
49,Research & Development,Manager
36,Research & Development,Research Scientist
48,Research & Development,Laboratory Technician
27,Research & Development,Research Scientist
29,Research & Development,Healthcare Representative
48,Research & Development,Research Director
29,Research & Development,Research Director
34,Research & Development,Research Scientist
44,Sales,Manager
33,Sales,Sales Executive
19,Research & Development,Research Scientist
23,Research & Development,Research Scientist
25,Sales,Sales Representative
26,Research & Development,Research Scientist
45,Sales,Manager
55,Research & Development,Healthcare Representative
21,Research & Development,Laboratory Technician
46,Sales,Manager
34,Sales,Sales Executive
51,Sales,Manager
59,Research & Development,Manufacturing Director
34,Research & Development,Laboratory Technician
28,Research & Development,Laboratory Technician
44,Research & Development,Manager
34,Human Resources,Human Resources
35,Research & Development,Research Scientist
42,Research & Development,Research Scientist
43,Sales,Sales Executive
36,Research & Development,Manufacturing Director
44,Research & Development,Healthcare Representative
28,Research & Development,Laboratory Technician
51,Research & Development,Laboratory Technician
30,Research & Development,Manufacturing Director
29,Research & Development,Laboratory Technician
28,Research & Development,Research Scientist
25,Research & Development,Research Scientist
32,Sales,Sales Executive
45,Research & Development,Manager
39,Research & Development,Manager
58,Research & Development,Research Scientist
32,Research & Development,Laboratory Technician
39,Research & Development,Research Scientist
30,Research & Development,Laboratory Technician
36,Research & Development,Healthcare Representative
46,Human Resources,Human Resources
28,Research & Development,Laboratory Technician
50,Research & Development,Research Director
40,Sales,Sales Executive
52,Sales,Sales Executive
30,Research & Development,Manager
39,Research & Development,Manufacturing Director
31,Sales,Sales Executive
41,Sales,Sales Executive
31,Sales,Sales Representative
44,Research & Development,Laboratory Technician
42,Research & Development,Manager
55,Research & Development,Manager
56,Human Resources,Manager
40,Research & Development,Research Scientist
34,Research & Development,Healthcare Representative
40,Research & Development,Research Scientist
41,Sales,Sales Executive
35,Research & Development,Research Scientist
51,Human Resources,Manager
38,Sales,Sales Executive
34,Sales,Sales Executive
25,Research & Development,Laboratory Technician
58,Research & Development,Manufacturing Director
40,Research & Development,Laboratory Technician
36,Sales,Sales Executive
48,Research & Development,Manufacturing Director
27,Sales,Sales Representative
51,Research & Development,Manufacturing Director
18,Research & Development,Laboratory Technician
35,Research & Development,Laboratory Technician
27,Sales,Sales Executive
55,Sales,Sales Executive
56,Research & Development,Manufacturing Director
34,Research & Development,Research Scientist
40,Research & Development,Healthcare Representative
34,Research & Development,Laboratory Technician
31,Sales,Sales Representative
35,Sales,Sales Executive
38,Research & Development,Research Scientist
34,Research & Development,Healthcare Representative
28,Sales,Sales Executive
31,Research & Development,Manufacturing Director
39,Sales,Sales Executive
51,Sales,Sales Executive
41,Research & Development,Research Scientist
37,Research & Development,Research Scientist
33,Sales,Sales Executive
32,Sales,Sales Executive
39,Research & Development,Healthcare Representative
25,Sales,Sales Executive
52,Research & Development,Manufacturing Director
43,Research & Development,Research Scientist
27,Sales,Sales Executive
27,Research & Development,Research Scientist
26,Research & Development,Research Scientist
42,Human Resources,Manager
52,Research & Development,Laboratory Technician
37,Research & Development,Laboratory Technician
35,Research & Development,Manufacturing Director
25,Research & Development,Laboratory Technician
26,Research & Development,Laboratory Technician
29,Human Resources,Human Resources
49,Research & Development,Laboratory Technician
29,Research & Development,Healthcare Representative
54,Research & Development,Research Director
58,Research & Development,Research Director
55,Research & Development,Research Director
36,Sales,Sales Executive
31,Sales,Sales Representative
30,Sales,Sales Executive
31,Research & Development,Research Director
34,Research & Development,Research Scientist
31,Research & Development,Research Scientist
27,Research & Development,Laboratory Technician
36,Research & Development,Laboratory Technician
36,Sales,Sales Executive
47,Research & Development,Research Scientist
25,Sales,Sales Representative
37,Research & Development,Laboratory Technician
56,Research & Development,Research Scientist
47,Research & Development,Research Director
24,Sales,Sales Executive
32,Sales,Sales Executive
34,Research & Development,Laboratory Technician
41,Research & Development,Research Scientist
40,Research & Development,Laboratory Technician
31,Sales,Sales Executive
46,Sales,Sales Executive
39,Research & Development,Laboratory Technician
31,Research & Development,Manufacturing Director
45,Research & Development,Healthcare Representative
31,Human Resources,Human Resources
31,Research & Development,Laboratory Technician
45,Research & Development,Manufacturing Director
48,Sales,Sales Executive
34,Human Resources,Human Resources
40,Research & Development,Research Director
28,Sales,Sales Executive
44,Research & Development,Laboratory Technician
53,Research & Development,Research Director
49,Research & Development,Healthcare Representative
40,Research & Development,Research Scientist
44,Research & Development,Research Scientist
33,Sales,Sales Executive
34,Sales,Sales Executive
30,Sales,Sales Executive
42,Research & Development,Laboratory Technician
44,Sales,Sales Executive
30,Research & Development,Research Scientist
57,Research & Development,Research Scientist
49,Research & Development,Healthcare Representative
34,Research & Development,Research Director
28,Sales,Sales Representative
29,Sales,Sales Executive
34,Sales,Sales Executive
35,Sales,Sales Representative
24,Research & Development,Laboratory Technician
24,Sales,Sales Representative
44,Research & Development,Manufacturing Director
29,Sales,Sales Executive
30,Human Resources,Human Resources
55,Research & Development,Healthcare Representative
33,Research & Development,Laboratory Technician
47,Sales,Sales Executive
28,Research & Development,Laboratory Technician
28,Research & Development,Research Scientist
28,Sales,Sales Executive
49,Research & Development,Laboratory Technician
29,Research & Development,Laboratory Technician
28,Research & Development,Manufacturing Director
33,Research & Development,Healthcare Representative
32,Research & Development,Manager
54,Research & Development,Manager
29,Research & Development,Research Scientist
44,Research & Development,Research Director
39,Research & Development,Manufacturing Director
46,Sales,Manager
35,Research & Development,Healthcare Representative
23,Research & Development,Laboratory Technician
40,Research & Development,Laboratory Technician
34,Sales,Sales Executive
31,Research & Development,Research Scientist
50,Research & Development,Research Director
34,Sales,Sales Representative
42,Research & Development,Laboratory Technician
37,Research & Development,Research Scientist
29,Research & Development,Healthcare Representative
33,Research & Development,Manufacturing Director
45,Research & Development,Research Scientist
42,Research & Development,Healthcare Representative
40,Sales,Sales Executive
33,Research & Development,Laboratory Technician
40,Human Resources,Manager
24,Research & Development,Laboratory Technician
40,Research & Development,Healthcare Representative
45,Research & Development,Healthcare Representative
35,Sales,Sales Representative
32,Research & Development,Research Scientist
36,Sales,Sales Representative
48,Sales,Sales Executive
29,Research & Development,Research Scientist
33,Sales,Sales Executive
30,Sales,Sales Executive
38,Human Resources,Human Resources
35,Research & Development,Laboratory Technician
30,Sales,Sales Executive
35,Research & Development,Laboratory Technician
53,Research & Development,Manufacturing Director
38,Research & Development,Manufacturing Director
32,Research & Development,Research Scientist
48,Research & Development,Research Scientist
34,Research & Development,Research Scientist
55,Sales,Manager
34,Research & Development,Research Scientist
26,Research & Development,Research Scientist
38,Sales,Sales Executive
38,Sales,Sales Executive
36,Sales,Sales Executive
29,Research & Development,Laboratory Technician
35,Research & Development,Healthcare Representative
39,Sales,Sales Executive
29,Research & Development,Healthcare Representative
50,Sales,Manager
23,Research & Development,Research Scientist
36,Research & Development,Laboratory Technician
42,Research & Development,Manager
35,Research & Development,Laboratory Technician
34,Research & Development,Healthcare Representative
40,Sales,Sales Executive
43,Research & Development,Laboratory Technician
35,Research & Development,Laboratory Technician
46,Sales,Manager
28,Research & Development,Laboratory Technician
22,Research & Development,Research Scientist
50,Research & Development,Healthcare Representative
32,Research & Development,Research Scientist
44,Research & Development,Research Director
30,Research & Development,Research Scientist
45,Research & Development,Laboratory Technician
45,Sales,Sales Executive
31,Sales,Sales Executive
36,Research & Development,Manufacturing Director
34,Research & Development,Manufacturing Director
49,Research & Development,Laboratory Technician
39,Research & Development,Manufacturing Director
27,Research & Development,Laboratory Technician
35,Research & Development,Research Scientist
28,Research & Development,Manufacturing Director
21,Research & Development,Research Scientist
18,Sales,Sales Representative
47,Human Resources,Manager
39,Research & Development,Laboratory Technician
40,Research & Development,Manufacturing Director
35,Research & Development,Healthcare Representative
37,Research & Development,Manufacturing Director
39,Research & Development,Manufacturing Director
45,Research & Development,Manufacturing Director
38,Research & Development,Manufacturing Director
35,Sales,Sales Executive
37,Research & Development,Research Scientist
40,Research & Development,Manufacturing Director
44,Human Resources,Human Resources
48,Research & Development,Manager
35,Sales,Sales Executive
24,Research & Development,Research Scientist
27,Research & Development,Research Scientist
27,Research & Development,Research Scientist
40,Research & Development,Laboratory Technician
29,Sales,Sales Executive
36,Research & Development,Healthcare Representative
25,Research & Development,Manufacturing Director
39,Research & Development,Manufacturing Director
49,Research & Development,Research Director
50,Research & Development,Research Director
20,Sales,Sales Representative
34,Research & Development,Research Scientist
36,Research & Development,Laboratory Technician
49,Research & Development,Healthcare Representative
36,Research & Development,Manufacturing Director
36,Research & Development,Healthcare Representative
54,Research & Development,Manager
43,Research & Development,Research Director
35,Sales,Sales Executive
38,Research & Development,Research Scientist
29,Sales,Sales Executive
33,Sales,Sales Executive
32,Research & Development,Research Scientist
31,Sales,Sales Executive
49,Research & Development,Laboratory Technician
38,Research & Development,Laboratory Technician
47,Sales,Manager
49,Research & Development,Manager
41,Sales,Sales Executive
20,Sales,Sales Representative
33,Sales,Sales Executive
36,Research & Development,Healthcare Representative
44,Human Resources,Human Resources
23,Research & Development,Laboratory Technician
38,Research & Development,Laboratory Technician
53,Research & Development,Healthcare Representative
48,Sales,Sales Representative
32,Research & Development,Laboratory Technician
26,Research & Development,Laboratory Technician
55,Research & Development,Research Scientist
34,Research & Development,Laboratory Technician
60,Research & Development,Healthcare Representative
33,Research & Development,Laboratory Technician
37,Sales,Sales Executive
34,Research & Development,Research Scientist
23,Sales,Sales Representative
44,Research & Development,Healthcare Representative
35,Research & Development,Research Scientist
43,Sales,Sales Executive
24,Research & Development,Research Scientist
41,Sales,Sales Executive
29,Research & Development,Laboratory Technician
36,Sales,Sales Representative
45,Research & Development,Healthcare Representative
24,Human Resources,Human Resources
47,Sales,Sales Executive
26,Research & Development,Laboratory Technician
45,Research & Development,Research Director
32,Research & Development,Research Scientist
31,Research & Development,Laboratory Technician
41,Human Resources,Human Resources
40,Research & Development,Manufacturing Director
24,Research & Development,Laboratory Technician
46,Research & Development,Healthcare Representative
35,Research & Development,Manufacturing Director
30,Research & Development,Research Scientist
47,Sales,Sales Executive
46,Sales,Sales Executive
36,Sales,Sales Executive
32,Sales,Sales Executive
23,Research & Development,Laboratory Technician
31,Research & Development,Manufacturing Director
39,Research & Development,Laboratory Technician
32,Sales,Sales Executive
40,Sales,Manager
45,Human Resources,Human Resources
30,Research & Development,Research Scientist
24,Human Resources,Human Resources
30,Human Resources,Human Resources
31,Sales,Sales Executive
27,Research & Development,Research Scientist
29,Sales,Sales Representative
29,Research & Development,Healthcare Representative
30,Sales,Sales Executive
34,Research & Development,Research Scientist
33,Sales,Sales Executive
49,Sales,Sales Executive
33,Sales,Sales Executive
38,Research & Development,Laboratory Technician
31,Sales,Sales Executive
29,Research & Development,Research Scientist
30,Research & Development,Healthcare Representative
32,Research & Development,Research Scientist
38,Research & Development,Healthcare Representative
43,Research & Development,Research Scientist
42,Research & Development,Laboratory Technician
55,Research & Development,Research Director
33,Research & Development,Research Scientist
41,Research & Development,Laboratory Technician
34,Sales,Sales Executive
53,Research & Development,Manufacturing Director
43,Human Resources,Human Resources
34,Sales,Sales Executive
21,Sales,Sales Representative
38,Research & Development,Laboratory Technician
22,Research & Development,Laboratory Technician
31,Sales,Sales Executive
51,Research & Development,Manager
37,Sales,Sales Executive
46,Research & Development,Research Director
36,Research & Development,Healthcare Representative
44,Research & Development,Research Scientist
37,Human Resources,Human Resources
35,Sales,Sales Executive
33,Research & Development,Research Scientist
28,Research & Development,Research Scientist
39,Research & Development,Research Director
46,Sales,Sales Executive
40,Research & Development,Laboratory Technician
42,Research & Development,Healthcare Representative
35,Research & Development,Manufacturing Director
38,Human Resources,Human Resources
34,Research & Development,Laboratory Technician
37,Research & Development,Manufacturing Director
39,Sales,Sales Executive
43,Research & Development,Research Scientist
41,Research & Development,Healthcare Representative
41,Sales,Sales Executive
30,Research & Development,Manufacturing Director
26,Human Resources,Human Resources
46,Research & Development,Healthcare Representative
40,Research & Development,Healthcare Representative
34,Sales,Sales Executive
58,Sales,Manager
35,Research & Development,Laboratory Technician
47,Research & Development,Manufacturing Director
40,Research & Development,Healthcare Representative
54,Research & Development,Research Scientist
31,Sales,Sales Executive
28,Research & Development,Research Scientist
38,Sales,Sales Representative
26,Sales,Sales Executive
58,Research & Development,Research Director
18,Research & Development,Research Scientist
31,Human Resources,Human Resources
29,Human Resources,Human Resources
45,Sales,Sales Executive
36,Research & Development,Research Scientist
43,Sales,Sales Executive
27,Research & Development,Laboratory Technician
29,Research & Development,Laboratory Technician
32,Sales,Sales Executive
42,Research & Development,Research Scientist
47,Research & Development,Laboratory Technician
46,Research & Development,Manufacturing Director
28,Human Resources,Human Resources
29,Research & Development,Healthcare Representative
42,Research & Development,Laboratory Technician
32,Sales,Sales Executive
46,Sales,Sales Executive
27,Sales,Sales Representative
29,Human Resources,Human Resources
43,Research & Development,Manager
48,Research & Development,Research Director
29,Research & Development,Research Scientist
46,Sales,Sales Executive
27,Research & Development,Research Scientist
39,Research & Development,Research Scientist
55,Research & Development,Research Scientist
28,Sales,Sales Representative
30,Sales,Sales Representative
22,Research & Development,Research Scientist
36,Sales,Sales Executive
31,Research & Development,Laboratory Technician
34,Sales,Sales Executive
29,Research & Development,Laboratory Technician
37,Research & Development,Research Scientist
35,Research & Development,Manufacturing Director
45,Research & Development,Manufacturing Director
36,Human Resources,Human Resources
40,Research & Development,Manager
26,Research & Development,Research Scientist
27,Sales,Sales Executive
48,Research & Development,Manager
44,Research & Development,Healthcare Representative
34,Research & Development,Research Scientist
56,Research & Development,Laboratory Technician
36,Sales,Sales Executive
41,Sales,Sales Executive
42,Research & Development,Research Director
31,Sales,Sales Executive
34,Sales,Sales Executive
31,Research & Development,Laboratory Technician
26,Research & Development,Laboratory Technician
45,Research & Development,Healthcare Representative
33,Sales,Sales Executive
28,Sales,Sales Executive
29,Sales,Sales Representative
39,Sales,Sales Executive
27,Research & Development,Research Scientist
34,Research & Development,Research Scientist
28,Sales,Sales Executive
47,Research & Development,Research Scientist
56,Sales,Sales Executive
39,Research & Development,Manufacturing Director
38,Research & Development,Research Scientist
58,Sales,Manager
32,Research & Development,Research Scientist
38,Research & Development,Research Scientist
49,Research & Development,Research Director
42,Sales,Sales Executive
27,Human Resources,Human Resources
35,Sales,Sales Executive
28,Research & Development,Research Scientist
31,Research & Development,Research Scientist
36,Research & Development,Laboratory Technician
34,Sales,Sales Executive
34,Sales,Sales Executive
26,Research & Development,Laboratory Technician
29,Research & Development,Healthcare Representative
32,Research & Development,Healthcare Representative
31,Research & Development,Research Scientist
28,Research & Development,Laboratory Technician
38,Sales,Sales Representative
35,Sales,Sales Executive
27,Sales,Sales Executive
32,Research & Development,Manufacturing Director
31,Sales,Sales Executive
53,Sales,Sales Executive
54,Research & Development,Research Scientist
33,Research & Development,Healthcare Representative
43,Research & Development,Healthcare Representative
38,Human Resources,Human Resources
55,Human Resources,Manager
31,Research & Development,Laboratory Technician
39,Sales,Sales Executive
42,Research & Development,Research Scientist
31,Research & Development,Research Director
54,Research & Development,Manufacturing Director
24,Research & Development,Healthcare Representative
23,Research & Development,Laboratory Technician
40,Research & Development,Laboratory Technician
40,Sales,Sales Executive
25,Human Resources,Human Resources
30,Research & Development,Laboratory Technician
25,Research & Development,Laboratory Technician
47,Research & Development,Healthcare Representative
33,Research & Development,Laboratory Technician
38,Sales,Sales Executive
31,Sales,Sales Representative
38,Research & Development,Manufacturing Director
42,Research & Development,Research Scientist
41,Research & Development,Research Scientist
47,Research & Development,Research Director
35,Research & Development,Laboratory Technician
22,Research & Development,Research Scientist
35,Research & Development,Research Scientist
33,Research & Development,Healthcare Representative
32,Research & Development,Laboratory Technician
40,Research & Development,Laboratory Technician
32,Sales,Sales Representative
39,Research & Development,Research Scientist
38,Research & Development,Research Director
32,Sales,Sales Executive
37,Research & Development,Research Director
25,Sales,Sales Executive
52,Sales,Sales Representative
44,Research & Development,Research Scientist
21,Sales,Sales Representative
39,Research & Development,Manager
23,Sales,Sales Representative
36,Sales,Sales Executive
36,Research & Development,Manufacturing Director
56,Research & Development,Healthcare Representative
29,Research & Development,Research Scientist
42,Research & Development,Manager
56,Research & Development,Laboratory Technician
41,Research & Development,Manufacturing Director
34,Sales,Sales Executive
36,Sales,Sales Executive
41,Sales,Sales Executive
32,Research & Development,Research Scientist
35,Human Resources,Human Resources
38,Sales,Sales Executive
50,Sales,Sales Executive
36,Sales,Sales Executive
45,Sales,Sales Executive
40,Research & Development,Research Scientist
35,Research & Development,Healthcare Representative
40,Research & Development,Research Scientist
35,Research & Development,Research Scientist
29,Research & Development,Laboratory Technician
29,Research & Development,Research Scientist
50,Sales,Sales Executive
39,Sales,Sales Executive
31,Research & Development,Manufacturing Director
26,Sales,Sales Representative
36,Research & Development,Laboratory Technician
39,Research & Development,Healthcare Representative
27,Research & Development,Manufacturing Director
49,Sales,Sales Executive
34,Research & Development,Laboratory Technician
